{
  "project_info": {
    "project_number": "961810668212",
    "project_id": "finalproject-c4d5d",
    "storage_bucket": "finalproject-c4d5d.firebasestorage.app"
  },
  "client": [
    {
      "client_info": {
        "mobilesdk_app_id": "1:961810668212:android:a8d8c052f247e2791795e1",
        "android_client_info": {
          "package_name": "com.app.clima"
        }
      },
      "oauth_client": [],
      "api_key": [
        {
          "current_key": "AIzaSyABSWiJkXF9zhzlmvwu9I3SpPy9toxlp5U"
        }
      ],
      "services": {
        "appinvite_service": {
          "other_platform_oauth_client": []
        }
      }
    },
    {
      "client_info": {
        "mobilesdk_app_id": "1:961810668212:android:91db1343a0a7435f1795e1",
        "android_client_info": {
          "package_name": "com.example.pfm"
        }
      },
      "oauth_client": [],
      "api_key": [
        {
          "current_key": "AIzaSyABSWiJkXF9zhzlmvwu9I3SpPy9toxlp5U"
        }
      ],
      "services": {
        "appinvite_service": {
          "other_platform_oauth_client": []
        }
      }
    }
  ],
  "configuration_version": "1"
}